{"R2_cat": 0.9465144955330099, "MSE_cat": 312.44017637396155, "MAE_cat": 13.951527229436058, "R2_reg": 0.07033063660115924, "MSE_reg": 5430.743577431732, "MAE_reg": 63.75164127076171}