{"R2_cat": 0.997613009478951, "MSE_cat": 16034325.417211136, "MAE_cat": 3126.5871823802963, 
"R2_reg": 0.8535744223616697, "MSE_reg": 983596432.6428914, "MAE_reg": 19863.7669546806}